[
{
    "model": "app.post",
    "pk": 1,
    "fields": {
        "title": "admin_post_1",
        "body": "admin_post_1",
        "owner": 1,
        "created": "2018-07-18T11:26:53.044Z",
        "updated": "2018-07-18T11:26:53.044Z"
    }
},
{
    "model": "app.post",
    "pk": 2,
    "fields": {
        "title": "admin_post_2",
        "body": "admin_post_2",
        "owner": 1,
        "created": "2018-07-18T11:27:08.845Z",
        "updated": "2018-07-18T11:27:08.845Z"
    }
},
{
    "model": "app.post",
    "pk": 3,
    "fields": {
        "title": "hamid_post_1",
        "body": "hamid_post_1",
        "owner": 2,
        "created": "2018-07-18T11:27:30.623Z",
        "updated": "2018-07-18T11:27:30.623Z"
    }
},
{
    "model": "app.post",
    "pk": 4,
    "fields": {
        "title": "hamid_post_2",
        "body": "hamid_post_2",
        "owner": 2,
        "created": "2018-07-18T11:27:40.074Z",
        "updated": "2018-07-18T11:27:40.074Z"
    }
},
{
    "model": "app.post",
    "pk": 5,
    "fields": {
        "title": "amir_post_1",
        "body": "amir_post_1",
        "owner": 3,
        "created": "2018-07-18T11:28:00.152Z",
        "updated": "2018-07-18T11:28:00.152Z"
    }
},
{
    "model": "app.post",
    "pk": 6,
    "fields": {
        "title": "amir_post_2",
        "body": "amir_post_2",
        "owner": 3,
        "created": "2018-07-18T11:28:12.013Z",
        "updated": "2018-07-18T11:28:12.013Z"
    }
}
]
